herramienta,severidad,hallazgo,norma_iso,objetivo_cobit
Lynis,Media,DEB-0280|Install libpam-tmpdir to set $TMP and $TMPDIR for PAM sessions|-|-|,A.8.8,DSS05.04
Lynis,Media,DEB-0810|Install apt-listbugs to display a list of critical bugs prior to each APT installation.|-|-|,A.8.8,DSS05.04
Lynis,Media,DEB-0811|Install apt-listchanges to display any significant changes prior to any upgrade via APT.|-|-|,A.8.8,DSS05.04
Lynis,Media,"DEB-0831|Install needrestart, alternatively to debian-goodies, so that you can run needrestart after upgrades to determine which daemons are using old versions ",A.8.8,DSS05.04
Lynis,Media,DEB-0880|Install fail2ban to automatically ban hosts that commit multiple authentication errors.|-|-|,A.8.8,DSS05.04
Lynis,Media,BOOT-5180|Determine runlevel and services at startup|-|-|,A.8.8,DSS05.04
Lynis,Media,BOOT-5264|Consider hardening system services|Run '/usr/bin/systemd-analyze security SERVICE' for each service|-|,A.8.8,DSS05.04
Lynis,Media,KRNL-5788|Determine why /vmlinuz or /boot/vmlinuz is missing on this Debian/Ubuntu system.|/vmlinuz or /boot/vmlinuz|-|,A.8.8,DSS05.04
Lynis,Media,AUTH-9230|Configure password hashing rounds in /etc/login.defs|-|-|,A.8.8,DSS05.04
Lynis,Media,AUTH-9262|Install a PAM module for password strength testing like pam_cracklib or pam_passwdqc or libpam-passwdqc|-|-|,A.8.8,DSS05.04
Lynis,Media,AUTH-9286|Configure minimum password age in /etc/login.defs|-|-|,A.8.8,DSS05.04
Lynis,Media,AUTH-9286|Configure maximum password age in /etc/login.defs|-|-|,A.8.8,DSS05.04
Lynis,Media,"AUTH-9328|Default umask in /etc/login.defs could not be found and defaults usually to 022, which could be more strict like 027|-|-|",A.8.8,DSS05.04
Lynis,Media,"FILE-6310|To decrease the impact of a full /home file system, place /home on a separate partition|-|-|",A.8.8,DSS05.04
Lynis,Media,"FILE-6310|To decrease the impact of a full /var file system, place /var on a separate partition|-|-|",A.8.8,DSS05.04
Lynis,Media,"USB-1000|Disable drivers like USB storage when not used, to prevent unauthorized storage or data theft|-|-|",A.8.8,DSS05.04
Lynis,Media,PKGS-7370|Install debsums utility for the verification of packages with known good database.|-|-|,A.8.8,DSS05.04
Lynis,Alta,PKGS-7392|Found one or more vulnerable packages.|-|-|,A.8.8,DSS05.04
Lynis,Media,"PKGS-7392|Update your system with apt-get update, apt-get upgrade, apt-get dist-upgrade and/or unattended-upgrades|-|-|",A.8.8,DSS05.04
Lynis,Media,PKGS-7394|Install package apt-show-versions for patch management purposes|-|-|,A.8.8,DSS05.04
Lynis,Media,NETW-3200|Determine if protocol 'dccp' is really needed on this system|-|-|,A.8.8,DSS05.04
Lynis,Media,NETW-3200|Determine if protocol 'sctp' is really needed on this system|-|-|,A.8.8,DSS05.04
Lynis,Media,NETW-3200|Determine if protocol 'rds' is really needed on this system|-|-|,A.8.8,DSS05.04
Lynis,Media,NETW-3200|Determine if protocol 'tipc' is really needed on this system|-|-|,A.8.8,DSS05.04
Lynis,Media,FIRE-4513|Check iptables rules to see which rules are currently not used|-|-|,A.8.8,DSS05.04
Lynis,Media,LOGG-2154|Enable logging to an external logging host for archiving purposes and additional protection|-|-|,A.8.8,DSS05.04
Lynis,Media,"BANN-7126|Add a legal banner to /etc/issue, to warn unauthorized users|-|-|",A.8.8,DSS05.04
Lynis,Media,"BANN-7130|Add legal banner to /etc/issue.net, to warn unauthorized users|-|-|",A.8.8,DSS05.04
Lynis,Media,ACCT-9622|Enable process accounting|-|-|,A.8.8,DSS05.04
Lynis,Media,ACCT-9626|Enable sysstat to collect accounting (no results)|-|-|,A.8.8,DSS05.04
Lynis,Media,ACCT-9628|Enable auditd to collect audit information|-|-|,A.8.8,DSS05.04
Lynis,Media,MACF-6208|Check output of aa-status|/sys/kernel/security/apparmor/profiles|text:Run aa-status|,A.8.8,DSS05.04
Lynis,Media,FINT-4350|Install a file integrity tool to monitor changes to critical and sensitive files|-|-|,A.8.8,DSS05.04
Lynis,Media,TOOL-5002|Determine if automation tools are present for system management|-|-|,A.8.8,DSS05.04
Lynis,Media,FILE-7524|Consider restricting file permissions|See screen output or log file|text:Use chmod to change file permissions|,A.8.8,DSS05.04
Lynis,Media,KRNL-6000|One or more sysctl values differ from the scan profile and could be tweaked||Change sysctl value or disable test (skip-test=KRNL-6000:<sysctl-key>)|,A.8.8,DSS05.04
Lynis,Media,HRDN-7222|Harden compilers like restricting access to root user only|-|-|,A.8.8,DSS05.04
Lynis,Media,"HRDN-7230|Harden the system by installing at least one malware scanner, to perform periodic file system scans|-|Install a tool like rkhunter, chkrootkit, OSSEC,",A.8.8,DSS05.04
Docker Bench,Media,1.1 - Ensure a separate partition for containers has been created (Scored),A.8.8,DSS05.07
Docker Bench,Media,1.2 - Ensure the node is up to date (Not Scored),A.8.8,DSS05.07
Docker Bench,Media,2.1 - Ensure network traffic is restricted between containers on the default bridge (Scored),A.8.8,DSS05.07
Docker Bench,Media,2.11 - Ensure that authorization for Docker client commands is enabled (Scored),A.8.8,DSS05.07
Docker Bench,Media,4.1 - Ensure that a user for the container has been created (Scored),A.8.8,DSS05.07
Docker Bench,Media,4.6 - Ensure that HEALTHCHECK instructions have been added to container images (Scored),A.8.8,DSS05.07
Docker Bench,Media,5.31 - Ensure that the Docker socket is not mounted inside any containers (Scored),A.8.8,DSS05.07
Docker Bench,Media,1.1.3 - Ensure auditing is configured for the Docker daemon (Automated),A.8.8,DSS05.07
Docker Bench,Media,1.1.4 - Ensure auditing is configured for Docker files and directories -/run/containerd (Automated),A.8.8,DSS05.07
Docker Bench,Media,1.1.5 - Ensure auditing is configured for Docker files and directories - /var/lib/docker (Automated),A.8.8,DSS05.07
Docker Bench,Media,1.1.6 - Ensure auditing is configured for Docker files and directories - /etc/docker (Automated),A.8.8,DSS05.07
Docker Bench,Media,1.1.7 - Ensure auditing is configured for Docker files and directories - docker.service (Automated),A.8.8,DSS05.07
Docker Bench,Media,1.1.8 - Ensure auditing is configured for Docker files and directories - containerd.sock (Automated),A.8.8,DSS05.07
Docker Bench,Media,1.1.9 - Ensure auditing is configured for Docker files and directories - docker.socket (Automated),A.8.8,DSS05.07
Docker Bench,Media,1.1.14 - Ensure auditing is configured for Docker files and directories - /usr/bin/containerd (Automated),A.8.8,DSS05.07
Docker Bench,Media,1.1.17 - Ensure auditing is configured for Docker files and directories - /usr/bin/containerd-shim-runc-v2 (Automated),A.8.8,DSS05.07
Docker Bench,Media,1.1.18 - Ensure auditing is configured for Docker files and directories - /usr/bin/runc (Automated),A.8.8,DSS05.07
Docker Bench,Media,2.2 - Ensure network traffic is restricted between containers on the default bridge (Scored),A.8.8,DSS05.07
Docker Bench,Media,2.9 - Enable user namespace support (Scored),A.8.8,DSS05.07
Docker Bench,Media,2.12 - Ensure that authorization for Docker client commands is enabled (Scored),A.8.8,DSS05.07
Docker Bench,Media,2.13 - Ensure centralized and remote logging is configured (Scored),A.8.8,DSS05.07
Docker Bench,Media,2.14 - Ensure containers are restricted from acquiring new privileges (Scored),A.8.8,DSS05.07
Docker Bench,Media,2.15 - Ensure live restore is enabled (Scored),A.8.8,DSS05.07
Docker Bench,Media,2.16 - Ensure Userland Proxy is Disabled (Scored),A.8.8,DSS05.07
Docker Bench,Media,4.5 - Ensure Content trust for Docker is Enabled (Automated),A.8.8,DSS05.07
Trivy,HIGH,CVE-2026-14456: openssl: OpenSSL: Denial of Service via unbounded memory growth in QUIC server,A.8.8,DSS05.07
Trivy,HIGH,NSWG-ECO-428: Out-of-bounds Read,A.8.8,DSS05.07
Trivy,CRITICAL,"CVE-2023-46233: crypto-js: PBKDF2 1,000 times weaker than specified in 1993 and 1.3M times weaker than current standard",A.8.8,DSS05.07
Trivy,CRITICAL,CVE-2026-71851: crypto-js is a JavaScript library of crypto standards. Versions of cry ...,A.8.8,DSS05.07
Trivy,CRITICAL,CVE-2026-53486: decompress: @xhmikosr/decompress: Decompress: Arbitrary file read/write via crafted archive extraction,A.8.8,DSS05.07
Trivy,HIGH,CVE-2026-59725: socket.io: engine.io: Socket.IO: Denial of Service via invalid binary POST requests,A.8.8,DSS05.07
Trivy,HIGH,CVE-2020-15084: Authorization bypass in express-jwt,A.8.8,DSS05.07
Trivy,HIGH,CVE-2022-25881: http-cache-semantics: Regular Expression Denial of Service (ReDoS) vulnerability,A.8.8,DSS05.07
Trivy,HIGH,CVE-2026-84375: js-yaml: js-yaml: Denial of Service vulnerability in YAML parsing,A.8.8,DSS05.07
Trivy,CRITICAL,CVE-2015-9235: nodejs-jsonwebtoken: verification step bypass with an altered token,A.8.8,DSS05.07
Trivy,HIGH,CVE-2022-23539: jsonwebtoken: Unrestricted key type could lead to legacy keys usagen,A.8.8,DSS05.07
Trivy,HIGH,NSWG-ECO-17: Verification Bypass,A.8.8,DSS05.07
Trivy,CRITICAL,CVE-2015-9235: nodejs-jsonwebtoken: verification step bypass with an altered token,A.8.8,DSS05.07
Trivy,HIGH,CVE-2022-23539: jsonwebtoken: Unrestricted key type could lead to legacy keys usagen,A.8.8,DSS05.07
Trivy,HIGH,NSWG-ECO-17: Verification Bypass,A.8.8,DSS05.07
Trivy,HIGH,CVE-2016-1000223: Forgeable Public/Private Tokens,A.8.8,DSS05.07
Trivy,HIGH,CVE-2025-65945: node-jws: auth0/node-jws: Improper signature verification in HS256 algorithm,A.8.8,DSS05.07
Trivy,CRITICAL,CVE-2019-10744: nodejs-lodash: prototype pollution in defaultsDeep function leading to modifying properties,A.8.8,DSS05.07
Trivy,HIGH,CVE-2018-16487: lodash: Prototype pollution in utilities function,A.8.8,DSS05.07
Trivy,HIGH,CVE-2021-23337: nodejs-lodash: command injection via template,A.8.8,DSS05.07
Trivy,CRITICAL,GHSA-5mrr-rgp6-x4gr: Command Injection in marsdb,A.8.8,DSS05.07
Trivy,HIGH,CVE-2026-26996: minimatch: minimatch: Denial of Service via specially crafted glob patterns,A.8.8,DSS05.07
Trivy,HIGH,CVE-2026-27903: minimatch: minimatch: Denial of Service due to unbounded recursive backtracking via crafted glob patterns,A.8.8,DSS05.07
Trivy,HIGH,CVE-2026-27904: minimatch: Minimatch: Denial of Service via catastrophic backtracking in glob expressions,A.8.8,DSS05.07
Trivy,HIGH,CVE-2017-18214: nodejs-moment: Regular expression denial of service,A.8.8,DSS05.07
Trivy,HIGH,CVE-2022-24785: Moment.js: Path traversal  in moment.locale,A.8.8,DSS05.07
Trivy,HIGH,CVE-2025-47935: Multer vulnerable to Denial of Service via memory leaks from unclosed streams,A.8.8,DSS05.07
Trivy,HIGH,CVE-2025-47944: Multer vulnerable to Denial of Service from maliciously crafted requests,A.8.8,DSS05.07
Trivy,HIGH,CVE-2025-48997: multer: Multer vulnerable to Denial of Service via unhandled exception,A.8.8,DSS05.07
Trivy,HIGH,CVE-2025-7338: multer: Multer Denial of Service,A.8.8,DSS05.07
Trivy,HIGH,CVE-2026-2359: multer: Multer: Denial of Service via dropped file upload connections,A.8.8,DSS05.07
Trivy,HIGH,CVE-2026-3304: multer: Multer: Denial of Service via malformed requests,A.8.8,DSS05.07
Trivy,HIGH,CVE-2026-3520: multer: Multer: Denial of Service via malformed requests,A.8.8,DSS05.07
Trivy,HIGH,CVE-2026-5079: multer: Multer: Denial of Service via deeply nested field names in multipart form data,A.8.8,DSS05.07
Trivy,HIGH,CVE-2026-77078: multer vulnerable to Denial of Service via crafted multipart field names,A.8.8,DSS05.07
Trivy,HIGH,CVE-2026-82333: multer vulnerable to Denial of Service via oversized array index in field names,A.8.8,DSS05.07
Trivy,HIGH,CVE-2022-25887: sanitize-html: insecure global regular expression replacement logic may lead to ReDoS,A.8.8,DSS05.07
Trivy,HIGH,CVE-2026-33151: socket.io: Socket.IO: Denial of Service due to excessive buffering of specially crafted packets,A.8.8,DSS05.07
Trivy,HIGH,CVE-2026-69185: socket.io-parser: Socket.IO: Denial of Service via memory exhaustion from crafted packets,A.8.8,DSS05.07
Trivy,CRITICAL,CVE-2026-59873: tar: node-tar: Denial of Service via crafted gzip bomb,A.8.8,DSS05.07
Trivy,HIGH,CVE-2026-23745: node-tar: tar: node-tar: Arbitrary file overwrite and symlink poisoning via unsanitized linkpaths in archives,A.8.8,DSS05.07
Trivy,HIGH,CVE-2026-23950: node-tar: tar: node-tar: Arbitrary file overwrite via Unicode path collision race condition,A.8.8,DSS05.07
Trivy,HIGH,CVE-2026-24842: node-tar: tar: node-tar: Arbitrary file creation via path traversal bypass in hardlink security check,A.8.8,DSS05.07
Trivy,HIGH,CVE-2026-26960: node-tar: node-tar: Arbitrary file read/write via malicious archive hardlink creation,A.8.8,DSS05.07
Trivy,HIGH,CVE-2026-29786: node-tar: hardlink path traversal via drive-relative linkpath,A.8.8,DSS05.07
Trivy,HIGH,CVE-2026-31802: tar: tar: File overwrite via drive-relative symlink traversal,A.8.8,DSS05.07
Trivy,HIGH,CVE-2026-59874: tar: Node-tar: Denial of Service via malformed tar archive header,A.8.8,DSS05.07
Trivy,HIGH,CVE-2026-73566: tar: node-tar: Denial of Service via crafted long-path tar archive,A.8.8,DSS05.07
Trivy,HIGH,CVE-2026-12151: undici: undici: Denial of Service due to unbounded memory growth via WebSocket frames,A.8.8,DSS05.07
Trivy,HIGH,CVE-2026-1526: undici: undici: Denial of Service via unbounded memory consumption during WebSocket permessage-deflate decompression,A.8.8,DSS05.07
Trivy,HIGH,CVE-2026-2229: undici: Undici: Denial of Service via invalid WebSocket permessage-deflate extension parameter,A.8.8,DSS05.07
Trivy,HIGH,CVE-2024-37890: nodejs-ws: denial of service when handling a request with many HTTP headers,A.8.8,DSS05.07
Trivy,HIGH,CVE-2026-48779: ws: ws: Denial of Service via memory exhaustion from small WebSocket fragments,A.8.8,DSS05.07
Trivy,HIGH,CVE-2022-29458: ,A.8.8,DSS05.07
Trivy,CRITICAL,CVE-2023-44487: ,A.8.8,DSS05.07
Trivy,CRITICAL,CVE-2025-68121: crypto/tls: crypto/tls: Incorrect certificate validation during TLS session resumption,A.8.8,DSS05.07
Trivy,HIGH,CVE-2025-61726: golang: net/url: Memory exhaustion in query parameter parsing in net/url,A.8.8,DSS05.07
Trivy,HIGH,CVE-2025-61729: crypto/x509: golang: Denial of Service due to excessive resource consumption via crafted certificate,A.8.8,DSS05.07
Trivy,HIGH,CVE-2026-25679: net/url: Incorrect parsing of IPv6 host literals in net/url,A.8.8,DSS05.07
Trivy,HIGH,CVE-2026-27145: crypto/x509: golang: golang crypto/x509: Denial of Service via excessive processing of DNS SAN entries,A.8.8,DSS05.07
Trivy,HIGH,CVE-2026-32280: crypto/x509: crypto/tls: golang: Go: Denial of Service vulnerability in certificate chain building,A.8.8,DSS05.07
Trivy,HIGH,CVE-2026-32281: crypto/x509: golang: Go crypto/x509: Denial of Service via inefficient certificate chain validation,A.8.8,DSS05.07
Trivy,HIGH,CVE-2026-32283: crypto/tls: golang: Go crypto/tls: Denial of Service via multiple TLS 1.3 key update messages,A.8.8,DSS05.07
Trivy,HIGH,CVE-2026-33811: net: golang: Go net package: Denial of Service via long CNAME response in LookupCNAME,A.8.8,DSS05.07
Trivy,HIGH,CVE-2026-33814: net/http/internal/http2: golang: golang.org/x/net: Go HTTP/2: Denial of Service via malformed SETTINGS_MAX_FRAME_SIZE frame,A.8.8,DSS05.07
Trivy,HIGH,CVE-2026-33818: encoding/asn1: golang: Go encoding/asn1: Denial of Service via excessive recursion in Unmarshal,A.8.8,DSS05.07
Trivy,HIGH,CVE-2026-39820: net/mail: golang: Go net/mail: Denial of Service via crafted email inputs,A.8.8,DSS05.07
Trivy,HIGH,CVE-2026-39821: golang.org/x/net/idna: golang: net/http: golang.org/x/net/idna: Privilege escalation via incorrect Punycode label processing,A.8.8,DSS05.07
Trivy,HIGH,CVE-2026-39822: golang: Go os.Root: Symlink following vulnerability allows directory traversal,A.8.8,DSS05.07
Trivy,HIGH,CVE-2026-39836: net: golang: Go net package: Denial of Service via NUL byte in Dial and LookupPort on Windows,A.8.8,DSS05.07
Trivy,HIGH,CVE-2026-42499: net/mail: golang: net/mail: Denial of Service via pathological email address parsing,A.8.8,DSS05.07
Trivy,HIGH,CVE-2026-42504: mime: golang: Golang MIME: Denial of Service via maliciously-crafted MIME header,A.8.8,DSS05.07
Trivy,HIGH,CVE-2026-56853: net/http: golang: Go net/http: Unencrypted HTTP/2 connections vulnerable to Denial of Service,A.8.8,DSS05.07
Trivy,HIGH,CVE-2026-56858: html/template: golang: Go html/template: Cross-Site Scripting via pathological input,A.8.8,DSS05.07
Trivy,HIGH,CVE-2026-56859: encoding/xml: golang: Go: Denial of Service via XML decoding recursion depth issue,A.8.8,DSS05.07
Trivy,HIGH,CVE-2026-56860: net/url: golang: golang net/url: Denial of Service from quadratic complexity in path resolution,A.8.8,DSS05.07
Trivy,HIGH,CVE-2026-56862: crypto/tls: golang: Golang crypto/tls: Denial of Service via indefinite KeyUpdate messages,A.8.8,DSS05.07
Trivy,HIGH,CVE-2026-76642: util-linux: util-linux: failed external mount helper still runs privileged X-mount post-hooks,A.8.8,DSS05.07
Trivy,HIGH,CVE-2026-78408: util-linux: util-linux: nsenter --join-cgroup leaks root cgroup migration authority,A.8.8,DSS05.07
Trivy,HIGH,CVE-2026-78409: util-linux: util-linux: X-mount.subdir detached-tree resolution can escape via intermediate symlinks,A.8.8,DSS05.07
Trivy,HIGH,"CVE-2026-78410: util-linux: util-linux: restricted bind mounts do not pin the source, allowing X-mount.owner/group/mode redirection",A.8.8,DSS05.07
Trivy,HIGH,CVE-2026-24882: GnuPG: GnuPG: Stack-based buffer overflow in tpm2daemon allows arbitrary code execution,A.8.8,DSS05.07
Trivy,HIGH,CVE-2026-24882: GnuPG: GnuPG: Stack-based buffer overflow in tpm2daemon allows arbitrary code execution,A.8.8,DSS05.07
Trivy,HIGH,CVE-2026-24882: GnuPG: GnuPG: Stack-based buffer overflow in tpm2daemon allows arbitrary code execution,A.8.8,DSS05.07
Trivy,HIGH,CVE-2026-24882: GnuPG: GnuPG: Stack-based buffer overflow in tpm2daemon allows arbitrary code execution,A.8.8,DSS05.07
Trivy,HIGH,CVE-2026-24882: GnuPG: GnuPG: Stack-based buffer overflow in tpm2daemon allows arbitrary code execution,A.8.8,DSS05.07
Trivy,HIGH,CVE-2026-24882: GnuPG: GnuPG: Stack-based buffer overflow in tpm2daemon allows arbitrary code execution,A.8.8,DSS05.07
Trivy,HIGH,CVE-2026-24882: GnuPG: GnuPG: Stack-based buffer overflow in tpm2daemon allows arbitrary code execution,A.8.8,DSS05.07
Trivy,HIGH,CVE-2026-41992: gzip: gzip: Information disclosure via global buffer overflow in LZH decompression,A.8.8,DSS05.07
Trivy,HIGH,CVE-2026-54369: acl: Symlink traversal privilege escalation via libacl functions,A.8.8,DSS05.07
Trivy,HIGH,CVE-2026-76642: util-linux: util-linux: failed external mount helper still runs privileged X-mount post-hooks,A.8.8,DSS05.07
Trivy,HIGH,CVE-2026-78408: util-linux: util-linux: nsenter --join-cgroup leaks root cgroup migration authority,A.8.8,DSS05.07
Trivy,HIGH,CVE-2026-78409: util-linux: util-linux: X-mount.subdir detached-tree resolution can escape via intermediate symlinks,A.8.8,DSS05.07
Trivy,HIGH,"CVE-2026-78410: util-linux: util-linux: restricted bind mounts do not pin the source, allowing X-mount.owner/group/mode redirection",A.8.8,DSS05.07
Trivy,HIGH,CVE-2026-76642: util-linux: util-linux: failed external mount helper still runs privileged X-mount post-hooks,A.8.8,DSS05.07
Trivy,HIGH,CVE-2026-78408: util-linux: util-linux: nsenter --join-cgroup leaks root cgroup migration authority,A.8.8,DSS05.07
Trivy,HIGH,CVE-2026-78409: util-linux: util-linux: X-mount.subdir detached-tree resolution can escape via intermediate symlinks,A.8.8,DSS05.07
Trivy,HIGH,"CVE-2026-78410: util-linux: util-linux: restricted bind mounts do not pin the source, allowing X-mount.owner/group/mode redirection",A.8.8,DSS05.07
Trivy,HIGH,CVE-2026-76642: util-linux: util-linux: failed external mount helper still runs privileged X-mount post-hooks,A.8.8,DSS05.07
Trivy,HIGH,CVE-2026-78408: util-linux: util-linux: nsenter --join-cgroup leaks root cgroup migration authority,A.8.8,DSS05.07
Trivy,HIGH,CVE-2026-78409: util-linux: util-linux: X-mount.subdir detached-tree resolution can escape via intermediate symlinks,A.8.8,DSS05.07
Trivy,HIGH,"CVE-2026-78410: util-linux: util-linux: restricted bind mounts do not pin the source, allowing X-mount.owner/group/mode redirection",A.8.8,DSS05.07
Trivy,HIGH,CVE-2025-69720: ncurses: ncurses: Buffer overflow vulnerability may lead to arbitrary code execution.,A.8.8,DSS05.07
Trivy,CRITICAL,CVE-2026-13221: perl: Perl: Incorrect regular expression processing via large regular expressions,A.8.8,DSS05.07
Trivy,CRITICAL,CVE-2026-42496: perl-archive-tar: perl-archive-tar: Path traversal via crafted symlinks allows arbitrary file access,A.8.8,DSS05.07
Trivy,CRITICAL,CVE-2026-8376: perl: Perl: Heap buffer overflow when compiling regular expressions on 32-bit builds,A.8.8,DSS05.07
Trivy,HIGH,CVE-2026-42497: perl-Archive-Tar: perl-Archive-Tar: Arbitrary file modification via crafted hardlinks during archive extraction,A.8.8,DSS05.07
Trivy,HIGH,CVE-2026-48962: perl-IO-Compress: perl-IO-Compress: Arbitrary code execution via attacker-controlled output glob,A.8.8,DSS05.07
Trivy,HIGH,CVE-2026-57432: perl: Perl: Information disclosure via integer overflow in pack/unpack operations,A.8.8,DSS05.07
Trivy,HIGH,CVE-2026-57433: Storable: Storable: Denial of Service via signed integer overflow in deserialization,A.8.8,DSS05.07
Trivy,HIGH,CVE-2026-9538: perl-Archive-Tar: perl-Archive-Tar: Denial of Service via crafted tar header with large entry size,A.8.8,DSS05.07
Trivy,HIGH,CVE-2026-76642: util-linux: util-linux: failed external mount helper still runs privileged X-mount post-hooks,A.8.8,DSS05.07
Trivy,HIGH,CVE-2026-78408: util-linux: util-linux: nsenter --join-cgroup leaks root cgroup migration authority,A.8.8,DSS05.07
Trivy,HIGH,CVE-2026-78409: util-linux: util-linux: X-mount.subdir detached-tree resolution can escape via intermediate symlinks,A.8.8,DSS05.07
Trivy,HIGH,"CVE-2026-78410: util-linux: util-linux: restricted bind mounts do not pin the source, allowing X-mount.owner/group/mode redirection",A.8.8,DSS05.07
Trivy,HIGH,CVE-2026-11822: sqlite: SQLite: Arbitrary code execution via crafted FTS5 full-text search data,A.8.8,DSS05.07
Trivy,HIGH,CVE-2026-11824: sqlite: SQLite: Arbitrary code execution and crash via heap-based buffer overflow in FTS5,A.8.8,DSS05.07
Trivy,HIGH,CVE-2026-14456: openssl: OpenSSL: Denial of Service via unbounded memory growth in QUIC server,A.8.8,DSS05.07
Trivy,HIGH,CVE-2026-16742: systemd: systemd-homed: Local privilege escalation via missing home-record signature verification,A.8.8,DSS05.07
Trivy,HIGH,CVE-2025-69720: ncurses: ncurses: Buffer overflow vulnerability may lead to arbitrary code execution.,A.8.8,DSS05.07
Trivy,HIGH,CVE-2026-16742: systemd: systemd-homed: Local privilege escalation via missing home-record signature verification,A.8.8,DSS05.07
Trivy,HIGH,CVE-2026-76642: util-linux: util-linux: failed external mount helper still runs privileged X-mount post-hooks,A.8.8,DSS05.07
Trivy,HIGH,CVE-2026-78408: util-linux: util-linux: nsenter --join-cgroup leaks root cgroup migration authority,A.8.8,DSS05.07
Trivy,HIGH,CVE-2026-78409: util-linux: util-linux: X-mount.subdir detached-tree resolution can escape via intermediate symlinks,A.8.8,DSS05.07
Trivy,HIGH,"CVE-2026-78410: util-linux: util-linux: restricted bind mounts do not pin the source, allowing X-mount.owner/group/mode redirection",A.8.8,DSS05.07
Trivy,CRITICAL,CVE-2026-6653: libxml2: mingw-libxml2: libxml2: Denial of Service via crafted XML input due to use-after-free,A.8.8,DSS05.07
Trivy,HIGH,CVE-2026-86140: libxml2: libxml2: Arbitrary code execution via stack-based buffer overflow in xmlSnprintfElements,A.8.8,DSS05.07
Trivy,HIGH,CVE-2026-76642: util-linux: util-linux: failed external mount helper still runs privileged X-mount post-hooks,A.8.8,DSS05.07
Trivy,HIGH,CVE-2026-78408: util-linux: util-linux: nsenter --join-cgroup leaks root cgroup migration authority,A.8.8,DSS05.07
Trivy,HIGH,CVE-2026-78409: util-linux: util-linux: X-mount.subdir detached-tree resolution can escape via intermediate symlinks,A.8.8,DSS05.07
Trivy,HIGH,"CVE-2026-78410: util-linux: util-linux: restricted bind mounts do not pin the source, allowing X-mount.owner/group/mode redirection",A.8.8,DSS05.07
Trivy,HIGH,CVE-2026-76642: util-linux: util-linux: failed external mount helper still runs privileged X-mount post-hooks,A.8.8,DSS05.07
Trivy,HIGH,CVE-2026-78408: util-linux: util-linux: nsenter --join-cgroup leaks root cgroup migration authority,A.8.8,DSS05.07
Trivy,HIGH,CVE-2026-78409: util-linux: util-linux: X-mount.subdir detached-tree resolution can escape via intermediate symlinks,A.8.8,DSS05.07
Trivy,HIGH,"CVE-2026-78410: util-linux: util-linux: restricted bind mounts do not pin the source, allowing X-mount.owner/group/mode redirection",A.8.8,DSS05.07
Trivy,HIGH,CVE-2025-69720: ncurses: ncurses: Buffer overflow vulnerability may lead to arbitrary code execution.,A.8.8,DSS05.07
Trivy,HIGH,CVE-2025-69720: ncurses: ncurses: Buffer overflow vulnerability may lead to arbitrary code execution.,A.8.8,DSS05.07
Trivy,HIGH,CVE-2026-14456: openssl: OpenSSL: Denial of Service via unbounded memory growth in QUIC server,A.8.8,DSS05.07
Trivy,HIGH,CVE-2026-14456: openssl: OpenSSL: Denial of Service via unbounded memory growth in QUIC server,A.8.8,DSS05.07
Trivy,CRITICAL,CVE-2026-13221: perl: Perl: Incorrect regular expression processing via large regular expressions,A.8.8,DSS05.07
Trivy,CRITICAL,CVE-2026-42496: perl-archive-tar: perl-archive-tar: Path traversal via crafted symlinks allows arbitrary file access,A.8.8,DSS05.07
Trivy,CRITICAL,CVE-2026-8376: perl: Perl: Heap buffer overflow when compiling regular expressions on 32-bit builds,A.8.8,DSS05.07
Trivy,HIGH,CVE-2026-42497: perl-Archive-Tar: perl-Archive-Tar: Arbitrary file modification via crafted hardlinks during archive extraction,A.8.8,DSS05.07
Trivy,HIGH,CVE-2026-48962: perl-IO-Compress: perl-IO-Compress: Arbitrary code execution via attacker-controlled output glob,A.8.8,DSS05.07
Trivy,HIGH,CVE-2026-57432: perl: Perl: Information disclosure via integer overflow in pack/unpack operations,A.8.8,DSS05.07
Trivy,HIGH,CVE-2026-57433: Storable: Storable: Denial of Service via signed integer overflow in deserialization,A.8.8,DSS05.07
Trivy,HIGH,CVE-2026-9538: perl-Archive-Tar: perl-Archive-Tar: Denial of Service via crafted tar header with large entry size,A.8.8,DSS05.07
Trivy,CRITICAL,CVE-2026-13221: perl: Perl: Incorrect regular expression processing via large regular expressions,A.8.8,DSS05.07
Trivy,CRITICAL,CVE-2026-42496: perl-archive-tar: perl-archive-tar: Path traversal via crafted symlinks allows arbitrary file access,A.8.8,DSS05.07
Trivy,CRITICAL,CVE-2026-8376: perl: Perl: Heap buffer overflow when compiling regular expressions on 32-bit builds,A.8.8,DSS05.07
Trivy,HIGH,CVE-2026-42497: perl-Archive-Tar: perl-Archive-Tar: Arbitrary file modification via crafted hardlinks during archive extraction,A.8.8,DSS05.07
Trivy,HIGH,CVE-2026-48962: perl-IO-Compress: perl-IO-Compress: Arbitrary code execution via attacker-controlled output glob,A.8.8,DSS05.07
Trivy,HIGH,CVE-2026-57432: perl: Perl: Information disclosure via integer overflow in pack/unpack operations,A.8.8,DSS05.07
Trivy,HIGH,CVE-2026-57433: Storable: Storable: Denial of Service via signed integer overflow in deserialization,A.8.8,DSS05.07
Trivy,HIGH,CVE-2026-9538: perl-Archive-Tar: perl-Archive-Tar: Denial of Service via crafted tar header with large entry size,A.8.8,DSS05.07
Trivy,CRITICAL,CVE-2026-13221: perl: Perl: Incorrect regular expression processing via large regular expressions,A.8.8,DSS05.07
Trivy,CRITICAL,CVE-2026-42496: perl-archive-tar: perl-archive-tar: Path traversal via crafted symlinks allows arbitrary file access,A.8.8,DSS05.07
Trivy,CRITICAL,CVE-2026-8376: perl: Perl: Heap buffer overflow when compiling regular expressions on 32-bit builds,A.8.8,DSS05.07
Trivy,HIGH,CVE-2026-42497: perl-Archive-Tar: perl-Archive-Tar: Arbitrary file modification via crafted hardlinks during archive extraction,A.8.8,DSS05.07
Trivy,HIGH,CVE-2026-48962: perl-IO-Compress: perl-IO-Compress: Arbitrary code execution via attacker-controlled output glob,A.8.8,DSS05.07
Trivy,HIGH,CVE-2026-57432: perl: Perl: Information disclosure via integer overflow in pack/unpack operations,A.8.8,DSS05.07
Trivy,HIGH,CVE-2026-57433: Storable: Storable: Denial of Service via signed integer overflow in deserialization,A.8.8,DSS05.07
Trivy,HIGH,CVE-2026-9538: perl-Archive-Tar: perl-Archive-Tar: Denial of Service via crafted tar header with large entry size,A.8.8,DSS05.07
Trivy,HIGH,CVE-2026-76642: util-linux: util-linux: failed external mount helper still runs privileged X-mount post-hooks,A.8.8,DSS05.07
Trivy,HIGH,CVE-2026-78408: util-linux: util-linux: nsenter --join-cgroup leaks root cgroup migration authority,A.8.8,DSS05.07
Trivy,HIGH,CVE-2026-78409: util-linux: util-linux: X-mount.subdir detached-tree resolution can escape via intermediate symlinks,A.8.8,DSS05.07
Trivy,HIGH,"CVE-2026-78410: util-linux: util-linux: restricted bind mounts do not pin the source, allowing X-mount.owner/group/mode redirection",A.8.8,DSS05.07
Trivy,CRITICAL,CVE-2025-68121: crypto/tls: crypto/tls: Incorrect certificate validation during TLS session resumption,A.8.8,DSS05.07
Trivy,HIGH,CVE-2025-61726: golang: net/url: Memory exhaustion in query parameter parsing in net/url,A.8.8,DSS05.07
Trivy,HIGH,CVE-2025-61729: crypto/x509: golang: Denial of Service due to excessive resource consumption via crafted certificate,A.8.8,DSS05.07
Trivy,HIGH,CVE-2026-25679: net/url: Incorrect parsing of IPv6 host literals in net/url,A.8.8,DSS05.07
Trivy,HIGH,CVE-2026-27145: crypto/x509: golang: golang crypto/x509: Denial of Service via excessive processing of DNS SAN entries,A.8.8,DSS05.07
Trivy,HIGH,CVE-2026-32280: crypto/x509: crypto/tls: golang: Go: Denial of Service vulnerability in certificate chain building,A.8.8,DSS05.07
Trivy,HIGH,CVE-2026-32281: crypto/x509: golang: Go crypto/x509: Denial of Service via inefficient certificate chain validation,A.8.8,DSS05.07
Trivy,HIGH,CVE-2026-32283: crypto/tls: golang: Go crypto/tls: Denial of Service via multiple TLS 1.3 key update messages,A.8.8,DSS05.07
Trivy,HIGH,CVE-2026-33811: net: golang: Go net package: Denial of Service via long CNAME response in LookupCNAME,A.8.8,DSS05.07
Trivy,HIGH,CVE-2026-33814: net/http/internal/http2: golang: golang.org/x/net: Go HTTP/2: Denial of Service via malformed SETTINGS_MAX_FRAME_SIZE frame,A.8.8,DSS05.07
Trivy,HIGH,CVE-2026-33818: encoding/asn1: golang: Go encoding/asn1: Denial of Service via excessive recursion in Unmarshal,A.8.8,DSS05.07
Trivy,HIGH,CVE-2026-39820: net/mail: golang: Go net/mail: Denial of Service via crafted email inputs,A.8.8,DSS05.07
Trivy,HIGH,CVE-2026-39821: golang.org/x/net/idna: golang: net/http: golang.org/x/net/idna: Privilege escalation via incorrect Punycode label processing,A.8.8,DSS05.07
Trivy,HIGH,CVE-2026-39822: golang: Go os.Root: Symlink following vulnerability allows directory traversal,A.8.8,DSS05.07
Trivy,HIGH,CVE-2026-39836: net: golang: Go net package: Denial of Service via NUL byte in Dial and LookupPort on Windows,A.8.8,DSS05.07
Trivy,HIGH,CVE-2026-42499: net/mail: golang: net/mail: Denial of Service via pathological email address parsing,A.8.8,DSS05.07
Trivy,HIGH,CVE-2026-42504: mime: golang: Golang MIME: Denial of Service via maliciously-crafted MIME header,A.8.8,DSS05.07
Trivy,HIGH,CVE-2026-56853: net/http: golang: Go net/http: Unencrypted HTTP/2 connections vulnerable to Denial of Service,A.8.8,DSS05.07
Trivy,HIGH,CVE-2026-56858: html/template: golang: Go html/template: Cross-Site Scripting via pathological input,A.8.8,DSS05.07
Trivy,HIGH,CVE-2026-56859: encoding/xml: golang: Go: Denial of Service via XML decoding recursion depth issue,A.8.8,DSS05.07
Trivy,HIGH,CVE-2026-56860: net/url: golang: golang net/url: Denial of Service from quadratic complexity in path resolution,A.8.8,DSS05.07
Trivy,HIGH,CVE-2026-56862: crypto/tls: golang: Golang crypto/tls: Denial of Service via indefinite KeyUpdate messages,A.8.8,DSS05.07
Trivy,HIGH,CVE-2026-76642: util-linux: util-linux: failed external mount helper still runs privileged X-mount post-hooks,A.8.8,DSS05.07
Trivy,HIGH,CVE-2026-78408: util-linux: util-linux: nsenter --join-cgroup leaks root cgroup migration authority,A.8.8,DSS05.07
Trivy,HIGH,CVE-2026-78409: util-linux: util-linux: X-mount.subdir detached-tree resolution can escape via intermediate symlinks,A.8.8,DSS05.07
Trivy,HIGH,"CVE-2026-78410: util-linux: util-linux: restricted bind mounts do not pin the source, allowing X-mount.owner/group/mode redirection",A.8.8,DSS05.07
Trivy,HIGH,CVE-2026-12064: curl: curl: SSH host verification bypass when using schemeless URLs with SFTP/SCP,A.8.8,DSS05.07
Trivy,HIGH,CVE-2026-8286: curl: curl: Insecure connection establishment due to TLS configuration mismatch,A.8.8,DSS05.07
Trivy,HIGH,CVE-2026-8458: curl: libcurl: Unauthorized connection reuse due to a logical error,A.8.8,DSS05.07
Trivy,HIGH,CVE-2026-8927: curl: Information disclosure due to uncleared proxy authentication state,A.8.8,DSS05.07
Trivy,HIGH,CVE-2026-41992: gzip: gzip: Information disclosure via global buffer overflow in LZH decompression,A.8.8,DSS05.07
Trivy,CRITICAL,CVE-2026-56372: ImageMagick: ImageMagick: Information Disclosure and Denial of Service,A.8.8,DSS05.07
Trivy,HIGH,CVE-2026-56374: ImageMagick: ImageMagick: Denial of Service and Information Disclosure via heap buffer overflow in FTXT encoder,A.8.8,DSS05.07
Trivy,HIGH,CVE-2026-61857: ImageMagick: ImageMagick: Application crashes via malicious XMP profiles,A.8.8,DSS05.07
Trivy,HIGH,CVE-2026-61861: ImageMagick: ImageMagick: Use-after-free vulnerability leading to denial of service or code execution,A.8.8,DSS05.07
Trivy,HIGH,CVE-2026-61863: ImageMagick: ImageMagick: Memory leak in TIFF encoder,A.8.8,DSS05.07
Trivy,HIGH,CVE-2026-61866: ImageMagick: ImageMagick: Memory leak in JNG encoder can lead to denial of service,A.8.8,DSS05.07
Trivy,HIGH,CVE-2026-61870: ImageMagick: ImageMagick: Denial of Service via specially crafted VIFF images,A.8.8,DSS05.07
Trivy,HIGH,CVE-2026-86420: ImageMagick: ImageMagick: Denial of Service due to memory budget exhaustion,A.8.8,DSS05.07
Trivy,HIGH,CVE-2026-86421: ImageMagick: ImageMagick: Denial of Service via memory leak in MSL decoder,A.8.8,DSS05.07
Trivy,HIGH,CVE-2026-54369: acl: Symlink traversal privilege escalation via libacl functions,A.8.8,DSS05.07
Trivy,HIGH,CVE-2026-76642: util-linux: util-linux: failed external mount helper still runs privileged X-mount post-hooks,A.8.8,DSS05.07
Trivy,HIGH,CVE-2026-78408: util-linux: util-linux: nsenter --join-cgroup leaks root cgroup migration authority,A.8.8,DSS05.07
Trivy,HIGH,CVE-2026-78409: util-linux: util-linux: X-mount.subdir detached-tree resolution can escape via intermediate symlinks,A.8.8,DSS05.07
Trivy,HIGH,"CVE-2026-78410: util-linux: util-linux: restricted bind mounts do not pin the source, allowing X-mount.owner/group/mode redirection",A.8.8,DSS05.07
Trivy,HIGH,CVE-2026-34980: cups: OpenPrinting CUPS: Shared PostScript queue lets anonymous Print-Job requests reach `lp` code execution over the network,A.8.8,DSS05.07
Trivy,HIGH,CVE-2026-12064: curl: curl: SSH host verification bypass when using schemeless URLs with SFTP/SCP,A.8.8,DSS05.07
Trivy,HIGH,CVE-2026-8286: curl: curl: Insecure connection establishment due to TLS configuration mismatch,A.8.8,DSS05.07
Trivy,HIGH,CVE-2026-8458: curl: libcurl: Unauthorized connection reuse due to a logical error,A.8.8,DSS05.07
Trivy,HIGH,CVE-2026-8927: curl: Information disclosure due to uncleared proxy authentication state,A.8.8,DSS05.07
Trivy,HIGH,CVE-2026-33164: libde265 is an open source implementation of the h.265 video codec. Pr ...,A.8.8,DSS05.07
Trivy,HIGH,CVE-2026-76956: libexpat: libexpat: Denial of Service via hash flooding attack with crafted XML,A.8.8,DSS05.07
Trivy,HIGH,CVE-2026-76957: libexpat: libexpat: Memory corruption vulnerability allows arbitrary code execution or denial of service,A.8.8,DSS05.07
Trivy,CRITICAL,"CVE-2026-58016: glib: integer underflow in gio/gdbusintrospection.c via ""g_dbus_node_info_new_for_xml""",A.8.8,DSS05.07
Trivy,HIGH,CVE-2026-58010: glib: buffer over-read in glib/gvariant-serialiser.c via gvs_tuple_is_normal(),A.8.8,DSS05.07
Trivy,HIGH,CVE-2026-58011: glib: out-of-bounds read in glib/gdatetime.c:g_date_time_get_ymd via invalid GDateTime,A.8.8,DSS05.07
Trivy,HIGH,CVE-2026-58012: glib: buffer over-read in g_regex_replace() via glib/gregex.c:string_append() and g_utf8_next_char(),A.8.8,DSS05.07
Trivy,HIGH,"CVE-2026-58013: glib: buffer over-read in glib/giochannel.c via ""g_io_channel_read_line_backend""",A.8.8,DSS05.07
Trivy,HIGH,"CVE-2026-58014: glib: off-by-one error in glib/gkeyfile.c via ""g_key_file_get_locale_string_list""",A.8.8,DSS05.07
Trivy,HIGH,CVE-2026-58015: glib: path traversal in glib/gio/gdbusauthmechanismsha1.c via keyring_lookup_entry and mechanism_client_data_receive,A.8.8,DSS05.07
Trivy,HIGH,CVE-2026-76642: util-linux: util-linux: failed external mount helper still runs privileged X-mount post-hooks,A.8.8,DSS05.07
Trivy,HIGH,CVE-2026-78408: util-linux: util-linux: nsenter --join-cgroup leaks root cgroup migration authority,A.8.8,DSS05.07
Trivy,HIGH,CVE-2026-78409: util-linux: util-linux: X-mount.subdir detached-tree resolution can escape via intermediate symlinks,A.8.8,DSS05.07
Trivy,HIGH,"CVE-2026-78410: util-linux: util-linux: restricted bind mounts do not pin the source, allowing X-mount.owner/group/mode redirection",A.8.8,DSS05.07
Trivy,CRITICAL,CVE-2026-56372: ImageMagick: ImageMagick: Information Disclosure and Denial of Service,A.8.8,DSS05.07
Trivy,HIGH,CVE-2026-56374: ImageMagick: ImageMagick: Denial of Service and Information Disclosure via heap buffer overflow in FTXT encoder,A.8.8,DSS05.07
Trivy,HIGH,CVE-2026-61857: ImageMagick: ImageMagick: Application crashes via malicious XMP profiles,A.8.8,DSS05.07
Trivy,HIGH,CVE-2026-61861: ImageMagick: ImageMagick: Use-after-free vulnerability leading to denial of service or code execution,A.8.8,DSS05.07
Trivy,HIGH,CVE-2026-61863: ImageMagick: ImageMagick: Memory leak in TIFF encoder,A.8.8,DSS05.07
Trivy,HIGH,CVE-2026-61866: ImageMagick: ImageMagick: Memory leak in JNG encoder can lead to denial of service,A.8.8,DSS05.07
Trivy,HIGH,CVE-2026-61870: ImageMagick: ImageMagick: Denial of Service via specially crafted VIFF images,A.8.8,DSS05.07
Trivy,HIGH,CVE-2026-86420: ImageMagick: ImageMagick: Denial of Service due to memory budget exhaustion,A.8.8,DSS05.07
Trivy,HIGH,CVE-2026-86421: ImageMagick: ImageMagick: Denial of Service via memory leak in MSL decoder,A.8.8,DSS05.07
Trivy,CRITICAL,CVE-2026-56372: ImageMagick: ImageMagick: Information Disclosure and Denial of Service,A.8.8,DSS05.07
Trivy,HIGH,CVE-2026-56374: ImageMagick: ImageMagick: Denial of Service and Information Disclosure via heap buffer overflow in FTXT encoder,A.8.8,DSS05.07
Trivy,HIGH,CVE-2026-61857: ImageMagick: ImageMagick: Application crashes via malicious XMP profiles,A.8.8,DSS05.07
Trivy,HIGH,CVE-2026-61861: ImageMagick: ImageMagick: Use-after-free vulnerability leading to denial of service or code execution,A.8.8,DSS05.07
Trivy,HIGH,CVE-2026-61863: ImageMagick: ImageMagick: Memory leak in TIFF encoder,A.8.8,DSS05.07
Trivy,HIGH,CVE-2026-61866: ImageMagick: ImageMagick: Memory leak in JNG encoder can lead to denial of service,A.8.8,DSS05.07
Trivy,HIGH,CVE-2026-61870: ImageMagick: ImageMagick: Denial of Service via specially crafted VIFF images,A.8.8,DSS05.07
Trivy,HIGH,CVE-2026-86420: ImageMagick: ImageMagick: Denial of Service due to memory budget exhaustion,A.8.8,DSS05.07
Trivy,HIGH,CVE-2026-86421: ImageMagick: ImageMagick: Denial of Service via memory leak in MSL decoder,A.8.8,DSS05.07
Trivy,HIGH,CVE-2026-76642: util-linux: util-linux: failed external mount helper still runs privileged X-mount post-hooks,A.8.8,DSS05.07
Trivy,HIGH,CVE-2026-78408: util-linux: util-linux: nsenter --join-cgroup leaks root cgroup migration authority,A.8.8,DSS05.07
Trivy,HIGH,CVE-2026-78409: util-linux: util-linux: X-mount.subdir detached-tree resolution can escape via intermediate symlinks,A.8.8,DSS05.07
Trivy,HIGH,"CVE-2026-78410: util-linux: util-linux: restricted bind mounts do not pin the source, allowing X-mount.owner/group/mode redirection",A.8.8,DSS05.07
Trivy,HIGH,CVE-2025-69720: ncurses: ncurses: Buffer overflow vulnerability may lead to arbitrary code execution.,A.8.8,DSS05.07
Trivy,CRITICAL,CVE-2026-13221: perl: Perl: Incorrect regular expression processing via large regular expressions,A.8.8,DSS05.07
Trivy,CRITICAL,CVE-2026-42496: perl-archive-tar: perl-archive-tar: Path traversal via crafted symlinks allows arbitrary file access,A.8.8,DSS05.07
Trivy,CRITICAL,CVE-2026-8376: perl: Perl: Heap buffer overflow when compiling regular expressions on 32-bit builds,A.8.8,DSS05.07
Trivy,HIGH,CVE-2026-42497: perl-Archive-Tar: perl-Archive-Tar: Arbitrary file modification via crafted hardlinks during archive extraction,A.8.8,DSS05.07
Trivy,HIGH,CVE-2026-48962: perl-IO-Compress: perl-IO-Compress: Arbitrary code execution via attacker-controlled output glob,A.8.8,DSS05.07
Trivy,HIGH,CVE-2026-57432: perl: Perl: Information disclosure via integer overflow in pack/unpack operations,A.8.8,DSS05.07
Trivy,HIGH,CVE-2026-57433: Storable: Storable: Denial of Service via signed integer overflow in deserialization,A.8.8,DSS05.07
Trivy,HIGH,CVE-2026-9538: perl-Archive-Tar: perl-Archive-Tar: Denial of Service via crafted tar header with large entry size,A.8.8,DSS05.07
Trivy,CRITICAL,CVE-2026-20884: LibRaw: LibRaw: Arbitrary code execution via integer overflow in deflate_dng_load_raw,A.8.8,DSS05.07
Trivy,CRITICAL,CVE-2026-24450: LibRaw: LibRaw: Arbitrary code execution via a specially crafted malicious file,A.8.8,DSS05.07
Trivy,CRITICAL,CVE-2026-24660: LibRaw: LibRaw: Memory Corruption via Malicious File Processing,A.8.8,DSS05.07
Trivy,HIGH,CVE-2026-20889: LibRaw: LibRaw: Arbitrary code execution via specially crafted image file,A.8.8,DSS05.07
Trivy,HIGH,CVE-2026-21413: LibRaw: LibRaw: Arbitrary code execution via heap-based buffer overflow in lossless JPEG loading,A.8.8,DSS05.07
Trivy,HIGH,CVE-2026-76642: util-linux: util-linux: failed external mount helper still runs privileged X-mount post-hooks,A.8.8,DSS05.07
Trivy,HIGH,CVE-2026-78408: util-linux: util-linux: nsenter --join-cgroup leaks root cgroup migration authority,A.8.8,DSS05.07
Trivy,HIGH,CVE-2026-78409: util-linux: util-linux: X-mount.subdir detached-tree resolution can escape via intermediate symlinks,A.8.8,DSS05.07
Trivy,HIGH,"CVE-2026-78410: util-linux: util-linux: restricted bind mounts do not pin the source, allowing X-mount.owner/group/mode redirection",A.8.8,DSS05.07
Trivy,HIGH,CVE-2026-11822: sqlite: SQLite: Arbitrary code execution via crafted FTS5 full-text search data,A.8.8,DSS05.07
Trivy,HIGH,CVE-2026-11824: sqlite: SQLite: Arbitrary code execution and crash via heap-based buffer overflow in FTS5,A.8.8,DSS05.07
Trivy,HIGH,CVE-2026-58050: libssh2: libssh2: Heap buffer overflow via integer overflow in publickey attribute allocation,A.8.8,DSS05.07
Trivy,HIGH,CVE-2026-14456: openssl: OpenSSL: Denial of Service via unbounded memory growth in QUIC server,A.8.8,DSS05.07
Trivy,HIGH,CVE-2026-16742: systemd: systemd-homed: Local privilege escalation via missing home-record signature verification,A.8.8,DSS05.07
Trivy,HIGH,CVE-2026-36849: [Denial of Service via large SamplesPerPixel tag],A.8.8,DSS05.07
Trivy,HIGH,CVE-2026-52490: libtiff: libtiff: Arbitrary code execution via process_command_opts() function,A.8.8,DSS05.07
Trivy,HIGH,CVE-2025-69720: ncurses: ncurses: Buffer overflow vulnerability may lead to arbitrary code execution.,A.8.8,DSS05.07
Trivy,HIGH,CVE-2026-16742: systemd: systemd-homed: Local privilege escalation via missing home-record signature verification,A.8.8,DSS05.07
Trivy,HIGH,CVE-2026-76642: util-linux: util-linux: failed external mount helper still runs privileged X-mount post-hooks,A.8.8,DSS05.07
Trivy,HIGH,CVE-2026-78408: util-linux: util-linux: nsenter --join-cgroup leaks root cgroup migration authority,A.8.8,DSS05.07
Trivy,HIGH,CVE-2026-78409: util-linux: util-linux: X-mount.subdir detached-tree resolution can escape via intermediate symlinks,A.8.8,DSS05.07
Trivy,HIGH,"CVE-2026-78410: util-linux: util-linux: restricted bind mounts do not pin the source, allowing X-mount.owner/group/mode redirection",A.8.8,DSS05.07
Trivy,CRITICAL,CVE-2026-6653: libxml2: mingw-libxml2: libxml2: Denial of Service via crafted XML input due to use-after-free,A.8.8,DSS05.07
Trivy,HIGH,CVE-2026-86140: libxml2: libxml2: Arbitrary code execution via stack-based buffer overflow in xmlSnprintfElements,A.8.8,DSS05.07
Trivy,CRITICAL,CVE-2026-43185: kernel: ksmbd: fix signededness bug in smb_direct_prepare_negotiation(),A.8.8,DSS05.07
Trivy,HIGH,CVE-2013-7445: kernel: memory exhaustion via crafted Graphics Execution Manager (GEM) objects,A.8.8,DSS05.07
Trivy,HIGH,CVE-2019-19449: kernel: mounting a crafted f2fs filesystem image can lead to slab-out-of-bounds read access in f2fs_build_segment_manager in fs/f2fs/segment.c,A.8.8,DSS05.07
Trivy,HIGH,CVE-2019-19814: kernel: out-of-bounds write in __remove_dirty_segment in fs/f2fs/segment.c,A.8.8,DSS05.07
Trivy,HIGH,CVE-2021-3847: kernel: low-privileged user privileges escalation,A.8.8,DSS05.07
Trivy,HIGH,CVE-2021-3864: kernel: descendant's dumpable setting with certain SUID binaries,A.8.8,DSS05.07
Trivy,HIGH,CVE-2024-21803: kernel: bluetooth: use-after-free vulnerability in af_bluetooth.c,A.8.8,DSS05.07
Trivy,HIGH,CVE-2024-58015: kernel: wifi: ath12k: Fix for out-of bound access error,A.8.8,DSS05.07
Trivy,HIGH,CVE-2025-22104: kernel: ibmvnic: Use kernel helpers for hex dumps,A.8.8,DSS05.07
Trivy,HIGH,CVE-2025-38137: kernel: PCI/pwrctrl: Cancel outstanding rescan work when unregistering,A.8.8,DSS05.07
Trivy,HIGH,CVE-2025-38187: kernel: drm/nouveau: fix a use-after-free in r535_gsp_rpc_push(),A.8.8,DSS05.07
Trivy,HIGH,CVE-2025-38204: kernel: jfs: fix array-index-out-of-bounds read in add_missing_indices,A.8.8,DSS05.07
Trivy,HIGH,CVE-2025-38206: kernel: Kernel: Double free vulnerability in exFAT filesystem can lead to denial of service,A.8.8,DSS05.07
Trivy,HIGH,CVE-2025-38421: kernel: platform/x86/amd: pmf: Use device managed allocations,A.8.8,DSS05.07
Trivy,HIGH,CVE-2025-38636: kernel: rv: Use strings in da monitors tracepoints,A.8.8,DSS05.07
Trivy,HIGH,CVE-2025-39859: kernel: ptp: ocp: fix use-after-free bugs causing by ptp_ocp_watchdog,A.8.8,DSS05.07
Trivy,HIGH,CVE-2025-39862: kernel: wifi: mt76: mt7915: fix list corruption after hardware restart,A.8.8,DSS05.07
Trivy,HIGH,CVE-2025-39958: kernel: iommu/s390: Make attach succeed when the device was surprise removed,A.8.8,DSS05.07
Trivy,HIGH,CVE-2025-40025: kernel: f2fs: fix to do sanity check on node footer for non inode dnode,A.8.8,DSS05.07
Trivy,HIGH,CVE-2025-68174: kernel: Linux kernel AMD KFD: Race condition causes system crash,A.8.8,DSS05.07
Trivy,HIGH,CVE-2025-68735: kernel: Kernel: Privilege escalation via use-after-free in drm/panthor,A.8.8,DSS05.07
Trivy,HIGH,CVE-2026-23102: kernel: Linux kernel: Denial of Service due to incorrect SVE context restoration,A.8.8,DSS05.07
Trivy,HIGH,CVE-2026-23208: kernel: ALSA: usb-audio: Prevent excessive number of frames,A.8.8,DSS05.07
Trivy,HIGH,CVE-2026-23327: kernel: cxl/mbox: validate payload size before accessing contents in cxl_payload_from_user_allowed(),A.8.8,DSS05.07
Trivy,HIGH,CVE-2026-31493: kernel: RDMA/efa: Fix use of completion ctx after free,A.8.8,DSS05.07
Trivy,HIGH,CVE-2026-31536: kernel: smb: server: let send_done handle a completion without IB_SEND_SIGNALED,A.8.8,DSS05.07
Trivy,HIGH,CVE-2026-31568: kernel: s390/mm: Add missing secure storage access fixups for donated memory,A.8.8,DSS05.07
Trivy,HIGH,CVE-2026-43198: kernel: tcp: fix potential race in tcp_v6_syn_recv_sock(),A.8.8,DSS05.07
Trivy,HIGH,CVE-2026-43263: kernel: media: chips-media: wave5: Fix Null reference while testing fluster,A.8.8,DSS05.07
Trivy,HIGH,CVE-2026-46130: kernel: dm-verity-fec: fix reading parity bytes split across blocks (take 3),A.8.8,DSS05.07
Trivy,HIGH,CVE-2026-46181: kernel: RDMA/mlx4: Fix mis-use of RCU in mlx4_srq_event(),A.8.8,DSS05.07
Trivy,HIGH,CVE-2026-46279: kernel: mm/alloc_tag: clear codetag for pages allocated before page_ext initialization,A.8.8,DSS05.07
Trivy,HIGH,CVE-2026-52991: kernel: sched/psi: fix race between file release and pressure write,A.8.8,DSS05.07
Trivy,HIGH,CVE-2026-53000: kernel: netfilter: nat: use kfree_rcu to release ops,A.8.8,DSS05.07
Trivy,HIGH,CVE-2026-53010: kernel: ksmbd: fix use-after-free in smb2_open during durable reconnect,A.8.8,DSS05.07
Trivy,HIGH,CVE-2026-53089: kernel: bpf: Fix use-after-free in offloaded map/prog info fill,A.8.8,DSS05.07
Trivy,HIGH,CVE-2026-53091: kernel: net: pull headers in qdisc_pkt_len_segs_init(),A.8.8,DSS05.07
Trivy,HIGH,CVE-2026-53109: kernel: powerpc/pgtable-frag: Fix bad page state in pte_frag_destroy,A.8.8,DSS05.07
Trivy,HIGH,CVE-2026-53118: kernel: vdpa: use generic driver_override infrastructure,A.8.8,DSS05.07
Trivy,HIGH,CVE-2026-53277: kernel: KVM: arm64: Take the SRCU lock for page table walks in fault injection and AT emulation,A.8.8,DSS05.07
Trivy,HIGH,CVE-2026-53330: kernel: drm/amd/display: Fix out-of-bounds read in dp_get_eq_aux_rd_interval(),A.8.8,DSS05.07
Trivy,HIGH,CVE-2026-63879: kernel: drm/amdgpu: fix amdgpu_hmm_range_get_pages,A.8.8,DSS05.07
Trivy,HIGH,CVE-2026-64017: kernel: blk-mq: pop cached request if it is usable,A.8.8,DSS05.07
Trivy,HIGH,CVE-2026-64283: kernel: KVM: guest_memfd: Treat memslot binding offset+size as unsigned values,A.8.8,DSS05.07
Trivy,HIGH,CVE-2026-68159: kernel: Linux kernel: libceph stack out-of-bounds write via crafted OSDMap,A.8.8,DSS05.07
Trivy,HIGH,CVE-2026-68166: kernel: Linux kernel: Arbitrary code execution via userfaultfd shadow stack manipulation,A.8.8,DSS05.07
Trivy,HIGH,CVE-2026-68264: kernel: drm/xe/pt: Reset current_op in xe_pt_update_ops_init(),A.8.8,DSS05.07
Trivy,HIGH,CVE-2026-68409: kernel: wifi: mac80211: defer link RX stats percpu free to RCU,A.8.8,DSS05.07
Trivy,HIGH,CVE-2026-68426: kernel: xfrm: fix stale skb->prev after async crypto steals a GSO segment,A.8.8,DSS05.07
Trivy,HIGH,CVE-2026-68470: kernel: wifi: mac80211: validate extension-frame layout before RX,A.8.8,DSS05.07
Trivy,HIGH,CVE-2026-68480: kernel: AMD-SN-7061: Safe RET Interrupt Vulnerability,A.8.8,DSS05.07
Trivy,HIGH,CVE-2026-72042: kernel: ipmi: Fix user refcount underflow in event delivery,A.8.8,DSS05.07
Trivy,HIGH,CVE-2026-72098: kernel: dm-verity: fix buffer overflow in FEC calculation,A.8.8,DSS05.07
Trivy,HIGH,CVE-2026-72463: kernel: xfrm: Fix dev use-after-free in xfrm async resumption,A.8.8,DSS05.07
Trivy,HIGH,"CVE-2026-74268: In the Linux kernel, the following vulnerability has been resolved:  t ...",A.8.8,DSS05.07
Trivy,HIGH,CVE-2026-74269: kernel: bnxt: fix head underflow on XDP head-grow,A.8.8,DSS05.07
Trivy,HIGH,CVE-2026-74446: kernel: drm/amdkfd: hold event_mutex while checkpointing CRIU events,A.8.8,DSS05.07
Trivy,HIGH,CVE-2026-74476: kernel: veth: convert frag_list skbs before running XDP,A.8.8,DSS05.07
Trivy,HIGH,CVE-2026-74480: kernel: net: bridge: stop fast-leave after deleting a port group,A.8.8,DSS05.07
Trivy,HIGH,CVE-2026-74488: kernel: wifi: mwifiex: use the subframe length when parsing A-MSDU TDLS frames,A.8.8,DSS05.07
Trivy,HIGH,CVE-2026-74502: kernel: ALSA: ump: fix double free of out_cvts on rawmidi error,A.8.8,DSS05.07
Trivy,HIGH,CVE-2026-74503: kernel: ALSA: timer: Clear SNDRV_TIMER_IFLG_DEAD once the close completes,A.8.8,DSS05.07
Trivy,HIGH,CVE-2026-74509: kernel: Bluetooth: hci_sync: Fix advertising data UAFs,A.8.8,DSS05.07
Trivy,HIGH,CVE-2026-74516: kernel: KVM: SVM: Update x2APIC MSR intercepts if AVIC is inhibited while L2 is active,A.8.8,DSS05.07
Trivy,HIGH,CVE-2026-74518: kernel: mm/hugetlb: fix list corruption in allocate_file_region_entries(),A.8.8,DSS05.07
Trivy,HIGH,CVE-2026-74520: kernel: iommu/iommufd: Fix IOPF group ownership UAF,A.8.8,DSS05.07
Trivy,HIGH,CVE-2026-74556: kernel: scsi: libiscsi_tcp: Bound SCSI Response data segment to the connection buffer,A.8.8,DSS05.07
Trivy,HIGH,CVE-2026-74569: kernel: netfilter: nf_conntrack_sip: widen NAT rewrite delta to s32 in sip_help_tcp(),A.8.8,DSS05.07
Trivy,HIGH,CVE-2026-74580: kernel: vhost: reset the vring metadata cache on vring reconfiguration,A.8.8,DSS05.07
Trivy,HIGH,CVE-2026-74581: kernel: net: ipv6: use-after-free in fib6_rule_suppress due to stale res->rt6 pointer,A.8.8,DSS05.07
Trivy,HIGH,CVE-2026-74582: kernel: packet: use consistent hard_header_len in non-ring send paths,A.8.8,DSS05.07
Trivy,HIGH,CVE-2026-74583: kernel: net/sched: cls_route: fix fastmap use-after-free on filter,A.8.8,DSS05.07
Trivy,HIGH,CVE-2026-74586: kernel: sctp: clear new_transport when removing a peer,A.8.8,DSS05.07
Trivy,HIGH,CVE-2026-74588: kernel: sctp: keep chunk->transport in step with the list it is queued on,A.8.8,DSS05.07
Trivy,HIGH,CVE-2026-74597: kernel: ip6_tunnel: clear skb2->cb[] in ip6ip6_err(),A.8.8,DSS05.07
Trivy,HIGH,CVE-2026-74611: kernel: tls: rx: restore msg_iter before TLS 1.3 optimistic retry,A.8.8,DSS05.07
Trivy,HIGH,CVE-2026-74615: kernel: vxlan: do not arm the ageing timer on a device that is down,A.8.8,DSS05.07
Trivy,HIGH,CVE-2026-74616: kernel: xdp: reject clones that overrun skb_shared_info tailroom,A.8.8,DSS05.07
Trivy,HIGH,CVE-2026-74630: kernel: ipv6: prevent in6_dev_get() from resurrecting inet6_dev,A.8.8,DSS05.07
Trivy,HIGH,CVE-2026-74631: kernel: net: smc: fix splice entry lifetime imbalance in smc_rx_splice,A.8.8,DSS05.07
Trivy,HIGH,CVE-2026-74662: kernel: inet: frags: publish queues before arming timer,A.8.8,DSS05.07
Trivy,HIGH,CVE-2026-74669: kernel: ipvs: clear IPv4 options after rebasing tunnel ICMP errors,A.8.8,DSS05.07
Trivy,HIGH,CVE-2026-74743: kernel: macvlan: inherit needed_headroom and needed_tailroom from lowerdev,A.8.8,DSS05.07
Trivy,HIGH,CVE-2026-74744: kernel: ipvlan: inherit needed_headroom and needed_tailroom from phy_dev,A.8.8,DSS05.07
Trivy,HIGH,CVE-2026-74746: kernel: netfilter: flowtable: publish GC-visible tuple last,A.8.8,DSS05.07
Trivy,HIGH,CVE-2026-74752: kernel: sctp: validate cookie AUTH state before use,A.8.8,DSS05.07
Trivy,HIGH,CVE-2026-74753: kernel: perf: Reject exited events as group leaders,A.8.8,DSS05.07
Trivy,HIGH,CVE-2026-80522: kernel: crypto: tegra - fix rctx->cryptlen calculation in tegra_gcm_do_one_req(),A.8.8,DSS05.07
Trivy,HIGH,CVE-2026-80530: kernel: xfs: fix exchange-range reflink flag clearing issue with INO1_WRITTEN,A.8.8,DSS05.07
Trivy,HIGH,CVE-2026-80586: kernel: mptcp: options: reset DSS fields in case of unexpected size,A.8.8,DSS05.07
Trivy,HIGH,CVE-2026-80590: kernel: inet: frags: strip GSO state from fragments before reassembly,A.8.8,DSS05.07
Trivy,HIGH,CVE-2026-80714: kernel: ipvs: do not propagate one-packet flag to synced conns,A.8.8,DSS05.07
Trivy,HIGH,CVE-2026-80725: kernel: net: gro: properly validate BIG TCP aggregation criteria,A.8.8,DSS05.07
Trivy,HIGH,CVE-2026-80726: kernel: KVM: x86/mmu: WARN and clear role.invalid when creating a child shadow page,A.8.8,DSS05.07
Trivy,HIGH,CVE-2026-76642: util-linux: util-linux: failed external mount helper still runs privileged X-mount post-hooks,A.8.8,DSS05.07
Trivy,HIGH,CVE-2026-78408: util-linux: util-linux: nsenter --join-cgroup leaks root cgroup migration authority,A.8.8,DSS05.07
Trivy,HIGH,CVE-2026-78409: util-linux: util-linux: X-mount.subdir detached-tree resolution can escape via intermediate symlinks,A.8.8,DSS05.07
Trivy,HIGH,"CVE-2026-78410: util-linux: util-linux: restricted bind mounts do not pin the source, allowing X-mount.owner/group/mode redirection",A.8.8,DSS05.07
Trivy,HIGH,CVE-2026-76642: util-linux: util-linux: failed external mount helper still runs privileged X-mount post-hooks,A.8.8,DSS05.07
Trivy,HIGH,CVE-2026-78408: util-linux: util-linux: nsenter --join-cgroup leaks root cgroup migration authority,A.8.8,DSS05.07
Trivy,HIGH,CVE-2026-78409: util-linux: util-linux: X-mount.subdir detached-tree resolution can escape via intermediate symlinks,A.8.8,DSS05.07
Trivy,HIGH,"CVE-2026-78410: util-linux: util-linux: restricted bind mounts do not pin the source, allowing X-mount.owner/group/mode redirection",A.8.8,DSS05.07
Trivy,HIGH,CVE-2025-69720: ncurses: ncurses: Buffer overflow vulnerability may lead to arbitrary code execution.,A.8.8,DSS05.07
Trivy,HIGH,CVE-2025-69720: ncurses: ncurses: Buffer overflow vulnerability may lead to arbitrary code execution.,A.8.8,DSS05.07
Trivy,HIGH,CVE-2026-14456: openssl: OpenSSL: Denial of Service via unbounded memory growth in QUIC server,A.8.8,DSS05.07
Trivy,HIGH,CVE-2026-14456: openssl: OpenSSL: Denial of Service via unbounded memory growth in QUIC server,A.8.8,DSS05.07
Trivy,CRITICAL,CVE-2026-13221: perl: Perl: Incorrect regular expression processing via large regular expressions,A.8.8,DSS05.07
Trivy,CRITICAL,CVE-2026-42496: perl-archive-tar: perl-archive-tar: Path traversal via crafted symlinks allows arbitrary file access,A.8.8,DSS05.07
Trivy,CRITICAL,CVE-2026-8376: perl: Perl: Heap buffer overflow when compiling regular expressions on 32-bit builds,A.8.8,DSS05.07
Trivy,HIGH,CVE-2026-42497: perl-Archive-Tar: perl-Archive-Tar: Arbitrary file modification via crafted hardlinks during archive extraction,A.8.8,DSS05.07
Trivy,HIGH,CVE-2026-48962: perl-IO-Compress: perl-IO-Compress: Arbitrary code execution via attacker-controlled output glob,A.8.8,DSS05.07
Trivy,HIGH,CVE-2026-57432: perl: Perl: Information disclosure via integer overflow in pack/unpack operations,A.8.8,DSS05.07
Trivy,HIGH,CVE-2026-57433: Storable: Storable: Denial of Service via signed integer overflow in deserialization,A.8.8,DSS05.07
Trivy,HIGH,CVE-2026-9538: perl-Archive-Tar: perl-Archive-Tar: Denial of Service via crafted tar header with large entry size,A.8.8,DSS05.07
Trivy,CRITICAL,CVE-2026-13221: perl: Perl: Incorrect regular expression processing via large regular expressions,A.8.8,DSS05.07
Trivy,CRITICAL,CVE-2026-42496: perl-archive-tar: perl-archive-tar: Path traversal via crafted symlinks allows arbitrary file access,A.8.8,DSS05.07
Trivy,CRITICAL,CVE-2026-8376: perl: Perl: Heap buffer overflow when compiling regular expressions on 32-bit builds,A.8.8,DSS05.07
Trivy,HIGH,CVE-2026-42497: perl-Archive-Tar: perl-Archive-Tar: Arbitrary file modification via crafted hardlinks during archive extraction,A.8.8,DSS05.07
Trivy,HIGH,CVE-2026-48962: perl-IO-Compress: perl-IO-Compress: Arbitrary code execution via attacker-controlled output glob,A.8.8,DSS05.07
Trivy,HIGH,CVE-2026-57432: perl: Perl: Information disclosure via integer overflow in pack/unpack operations,A.8.8,DSS05.07
Trivy,HIGH,CVE-2026-57433: Storable: Storable: Denial of Service via signed integer overflow in deserialization,A.8.8,DSS05.07
Trivy,HIGH,CVE-2026-9538: perl-Archive-Tar: perl-Archive-Tar: Denial of Service via crafted tar header with large entry size,A.8.8,DSS05.07
Trivy,CRITICAL,CVE-2026-13221: perl: Perl: Incorrect regular expression processing via large regular expressions,A.8.8,DSS05.07
Trivy,CRITICAL,CVE-2026-42496: perl-archive-tar: perl-archive-tar: Path traversal via crafted symlinks allows arbitrary file access,A.8.8,DSS05.07
Trivy,CRITICAL,CVE-2026-8376: perl: Perl: Heap buffer overflow when compiling regular expressions on 32-bit builds,A.8.8,DSS05.07
Trivy,HIGH,CVE-2026-42497: perl-Archive-Tar: perl-Archive-Tar: Arbitrary file modification via crafted hardlinks during archive extraction,A.8.8,DSS05.07
Trivy,HIGH,CVE-2026-48962: perl-IO-Compress: perl-IO-Compress: Arbitrary code execution via attacker-controlled output glob,A.8.8,DSS05.07
Trivy,HIGH,CVE-2026-57432: perl: Perl: Information disclosure via integer overflow in pack/unpack operations,A.8.8,DSS05.07
Trivy,HIGH,CVE-2026-57433: Storable: Storable: Denial of Service via signed integer overflow in deserialization,A.8.8,DSS05.07
Trivy,HIGH,CVE-2026-9538: perl-Archive-Tar: perl-Archive-Tar: Denial of Service via crafted tar header with large entry size,A.8.8,DSS05.07
Trivy,HIGH,CVE-2026-76642: util-linux: util-linux: failed external mount helper still runs privileged X-mount post-hooks,A.8.8,DSS05.07
Trivy,HIGH,CVE-2026-78408: util-linux: util-linux: nsenter --join-cgroup leaks root cgroup migration authority,A.8.8,DSS05.07
Trivy,HIGH,CVE-2026-78409: util-linux: util-linux: X-mount.subdir detached-tree resolution can escape via intermediate symlinks,A.8.8,DSS05.07
Trivy,HIGH,"CVE-2026-78410: util-linux: util-linux: restricted bind mounts do not pin the source, allowing X-mount.owner/group/mode redirection",A.8.8,DSS05.07
